school;sex;age;address;famsize;Pstatus;Medu;Fedu;Mjob;Fjob;reason;guardian;traveltime;studytime;failures;schoolsup;famsup;paid;activities;nursery;higher;internet;romantic;famrel;freetime;goout;Dalc;Walc;health;absences;G1;G2;G3
GP;M;18;U;GT3;T;0;3;services;teacher;other;father;4;1;1;no;yes;no;yes;yes;yes;yes;no;5;4;3;5;2;2;2;6;9;10
MS;M;16;U;LE3;T;3;4;other;other;other;mother;4;4;0;no;no;no;no;yes;yes;yes;yes;3;2;4;5;1;3;10;17;19;19
GP;F;19;U;GT3;A;3;2;teacher;health;course;father;1;2;0;yes;no;yes;yes;yes;no;yes;yes;4;3;4;3;1;3;15;14;14;12
GP;M;22;U;GT3;T;0;3;health;teacher;other;father;2;4;1;no;yes;yes;no;yes;yes;yes;no;5;5;4;1;1;3;0;10;11;11
GP;M;20;R;GT3;T;2;4;services;health;home;other;3;2;1;no;no;yes;no;yes;yes;yes;yes;1;2;4;4;4;4;18;9;10;11
GP;F;16;U;GT3;T;3;0;health;health;other;father;3;2;0;no;no;no;yes;yes;yes;yes;no;2;4;2;1;2;5;10;10;12;10
GP;M;15;U;GT3;T;1;3;health;services;home;other;2;4;2;no;yes;yes;yes;yes;yes;yes;no;3;3;2;4;4;2;8;13;15;16
GP;F;15;U;GT3;T;0;0;at_home;health;other;other;4;2;3;no;yes;yes;yes;yes;yes;no;no;5;2;4;2;1;1;13;5;6;7
GP;M;21;R;LE3;T;4;1;at_home;services;reputation;mother;4;4;0;no;yes;no;yes;no;yes;yes;yes;3;3;4;3;4;1;8;12;11;11
GP;F;22;R;GT3;T;2;3;services;at_home;reputation;other;3;1;1;no;no;no;no;yes;yes;yes;no;2;2;1;2;4;5;6;6;7;5
GP;M;18;R;GT3;T;0;0;other;services;course;other;3;4;1;no;no;no;yes;yes;yes;yes;no;5;4;2;5;2;3;15;7;7;5
MS;F;17;U;GT3;T;4;2;services;other;other;mother;3;1;2;no;yes;no;no;yes;yes;no;no;5;3;1;3;3;3;2;7;4;4
GP;F;18;U;GT3;T;4;2;other;teacher;home;other;1;2;3;no;no;yes;yes;yes;yes;yes;yes;3;2;1;5;4;3;18;4;5;4
GP;M;18;U;GT3;T;3;1;health;at_home;home;mother;3;4;0;no;yes;no;no;no;yes;yes;no;2;4;5;2;4;3;3;10;10;10
GP;F;18;R;GT3;A;3;3;teacher;at_home;other;father;1;2;0;no;yes;no;no;yes;yes;yes;no;1;5;3;4;1;3;6;12;12;14
GP;F;22;U;GT3;T;3;3;services;other;home;mother;2;4;3;no;no;no;no;no;yes;yes;yes;5;4;2;5;1;5;22;8;9;9
GP;M;18;U;LE3;T;0;3;services;services;reputation;other;4;1;0;yes;no;yes;yes;no;no;yes;yes;1;4;4;1;1;4;11;9;7;7
GP;M;19;U;GT3;T;0;1;other;teacher;home;mother;3;1;3;no;yes;yes;no;yes;yes;yes;no;2;5;4;4;5;2;17;6;7;7
GP;M;22;U;GT3;T;2;3;health;services;course;other;4;4;1;no;yes;yes;yes;yes;yes;yes;no;5;4;3;4;4;3;4;11;11;13
GP;M;19;U;GT3;T;3;2;health;health;reputation;father;4;1;3;no;yes;yes;yes;yes;no;no;no;5;5;2;2;1;4;22;2;1;3
GP;F;22;R;GT3;T;4;0;other;services;reputation;mother;3;2;0;yes;yes;no;yes;no;yes;yes;no;1;5;4;2;2;1;22;13;14;15
GP;F;21;R;GT3;T;1;2;health;at_home;reputation;father;3;2;3;no;yes;yes;yes;yes;yes;yes;no;4;5;4;3;5;5;21;8;6;7
GP;F;16;U;GT3;T;2;2;at_home;teacher;other;other;2;3;2;no;yes;no;no;yes;yes;yes;yes;1;2;5;3;3;4;9;11;12;13
GP;M;15;U;LE3;T;0;0;teacher;services;other;other;1;1;1;no;yes;yes;yes;yes;yes;no;no;1;3;1;1;4;3;11;5;6;8
GP;M;18;U;GT3;T;2;2;services;teacher;reputation;father;1;2;1;no;yes;yes;no;yes;yes;yes;no;4;2;4;4;4;3;7;6;7;8
GP;M;21;U;GT3;T;2;1;teacher;teacher;other;mother;4;4;3;no;yes;no;no;yes;no;yes;no;2;5;2;1;2;3;18;5;7;9
GP;M;16;U;LE3;A;2;0;services;health;home;mother;3;1;0;no;yes;yes;yes;yes;yes;yes;no;2;3;3;1;3;4;14;9;11;11
GP;F;15;U;GT3;A;2;2;at_home;health;other;other;2;2;2;yes;no;yes;no;yes;yes;yes;yes;5;3;5;2;3;3;0;11;11;10
GP;F;20;R;GT3;A;1;4;health;at_home;other;father;2;1;1;no;no;no;yes;no;yes;yes;no;3;5;2;1;5;4;2;12;14;14
GP;F;17;U;GT3;T;3;2;other;other;reputation;father;2;4;1;no;yes;no;yes;yes;yes;yes;no;3;3;5;1;4;3;17;14;14;14
GP;M;19;U;LE3;T;4;1;at_home;teacher;course;mother;2;2;0;no;yes;yes;yes;yes;yes;yes;yes;5;3;1;5;1;1;17;2;2;5
GP;F;20;U;GT3;T;2;3;teacher;other;course;mother;2;3;0;yes;yes;no;no;yes;yes;yes;no;3;2;4;3;2;1;1;12;12;13
GP;M;22;U;GT3;T;2;2;other;at_home;course;mother;1;3;2;no;yes;no;no;yes;yes;yes;yes;1;3;2;3;2;2;4;13;14;14
MS;F;15;U;GT3;T;2;3;health;teacher;home;father;1;1;3;no;yes;no;yes;yes;yes;yes;yes;1;5;3;4;2;3;0;7;9;11
MS;F;20;U;GT3;T;3;4;at_home;teacher;other;mother;1;4;0;no;yes;yes;yes;yes;yes;yes;no;4;1;1;3;2;3;9;15;16;16
GP;F;17;U;GT3;T;0;2;other;other;course;mother;3;2;3;no;yes;yes;no;yes;yes;yes;no;4;1;1;4;1;4;19;6;6;9
GP;M;21;U;GT3;T;0;0;at_home;services;reputation;other;4;4;2;no;no;yes;yes;yes;yes;yes;no;5;1;5;5;1;4;9;8;11;11
GP;M;15;R;GT3;T;1;3;at_home;health;course;mother;2;2;3;no;yes;yes;no;yes;yes;yes;yes;5;5;1;3;5;3;4;3;2;0
GP;F;20;U;GT3;A;0;4;health;services;course;mother;3;1;1;yes;yes;yes;no;yes;yes;yes;yes;5;1;2;5;4;2;17;10;10;10
GP;F;19;U;GT3;T;2;0;services;other;other;father;2;2;3;no;no;no;yes;yes;yes;yes;yes;1;2;5;3;1;3;20;6;8;8
GP;M;19;U;GT3;T;2;0;other;health;other;father;1;4;2;yes;yes;no;no;yes;no;yes;yes;3;5;1;3;5;4;14;11;14;13
GP;F;16;U;GT3;A;2;0;health;services;other;other;3;4;2;yes;yes;yes;yes;yes;yes;yes;yes;5;5;3;5;3;3;19;10;11;12
GP;M;20;U;GT3;T;1;0;at_home;health;home;mother;1;1;2;no;yes;no;no;yes;yes;yes;no;5;5;2;1;4;4;7;4;5;7
MS;M;18;U;GT3;T;2;2;health;teacher;home;other;2;4;3;yes;yes;yes;no;yes;yes;yes;no;1;3;3;1;1;3;16;13;13;12
GP;F;20;U;GT3;T;0;2;services;services;course;father;2;2;1;yes;no;no;yes;yes;yes;yes;no;1;3;3;1;3;5;11;10;11;13
GP;F;21;U;GT3;T;3;2;other;health;other;other;4;1;0;no;yes;no;yes;no;yes;no;no;1;3;5;1;5;4;20;9;10;10
GP;M;15;U;LE3;T;3;4;services;health;course;father;2;2;1;no;yes;no;no;no;yes;yes;no;3;4;4;3;1;2;11;9;9;9
GP;F;15;R;GT3;A;4;4;teacher;health;reputation;other;1;4;3;yes;yes;no;no;yes;yes;no;yes;5;2;5;2;1;5;0;7;7;7
GP;F;21;U;GT3;T;0;4;other;services;reputation;other;2;1;3;no;yes;yes;yes;yes;yes;yes;yes;2;5;2;5;3;3;3;6;5;5
GP;M;20;U;GT3;A;2;1;services;at_home;other;mother;4;2;0;no;no;no;no;no;yes;no;no;2;5;2;2;1;4;7;11;12;13
MS;M;21;U;GT3;T;3;4;at_home;services;other;other;4;4;3;no;no;no;yes;yes;yes;yes;no;5;3;5;2;2;5;0;13;14;13
GP;M;17;U;GT3;T;0;2;other;other;reputation;mother;1;4;2;no;yes;no;yes;yes;yes;yes;no;5;5;4;4;1;2;14;8;11;13
MS;M;22;R;GT3;T;3;2;other;services;other;mother;3;3;2;yes;yes;no;no;no;yes;yes;no;5;5;5;1;4;4;17;11;11;12
MS;F;21;U;GT3;T;2;1;health;health;home;mother;2;4;2;no;yes;no;yes;yes;yes;yes;no;5;1;2;3;3;5;0;4;4;6
GP;F;19;U;GT3;T;3;1;at_home;teacher;home;mother;4;2;2;no;no;yes;no;yes;yes;no;no;3;5;4;1;4;5;10;12;14;13
MS;M;21;U;LE3;A;4;4;teacher;services;other;other;2;1;2;no;yes;no;yes;yes;yes;yes;no;2;4;2;1;5;5;22;10;13;12
GP;M;15;U;LE3;T;4;3;services;services;reputation;father;2;3;3;no;yes;yes;no;yes;no;yes;yes;4;3;4;2;4;1;1;11;12;14
GP;F;19;U;GT3;T;3;1;health;health;course;father;3;4;0;no;yes;no;yes;yes;yes;yes;no;2;2;4;4;2;3;0;15;15;14
GP;M;15;R;GT3;T;0;0;services;teacher;other;father;4;4;0;no;yes;no;no;yes;no;yes;no;2;2;5;1;2;4;11;11;11;12
GP;F;16;U;LE3;T;0;2;teacher;teacher;other;other;2;4;2;no;yes;yes;no;yes;yes;yes;yes;1;1;5;5;4;4;15;7;5;7
GP;F;18;U;GT3;T;0;0;teacher;other;course;mother;4;2;3;no;yes;no;yes;yes;yes;yes;no;5;2;5;5;5;4;21;1;0;0
GP;F;15;R;GT3;T;3;2;other;services;other;father;1;3;1;no;yes;yes;no;yes;yes;yes;no;5;2;4;1;1;5;21;11;12;14
GP;F;19;U;LE3;T;0;2;teacher;teacher;course;other;1;2;1;no;yes;no;yes;yes;yes;yes;no;5;3;4;2;2;3;9;9;9;9
GP;F;16;U;GT3;T;2;1;services;teacher;reputation;mother;2;3;3;no;yes;no;yes;yes;yes;no;no;1;3;2;2;4;2;17;8;9;8
GP;F;15;U;GT3;T;4;1;at_home;at_home;home;father;4;1;2;no;no;no;no;yes;yes;yes;yes;3;4;3;3;4;4;14;9;9;10
GP;F;17;R;LE3;T;2;0;at_home;at_home;reputation;mother;2;2;0;no;yes;no;yes;yes;yes;yes;no;3;1;5;4;4;3;16;9;9;10
GP;M;21;U;GT3;T;0;2;other;teacher;home;father;4;2;3;no;yes;no;no;no;no;yes;no;4;2;2;2;1;3;9;7;8;12
GP;M;18;U;GT3;T;2;0;services;other;course;father;4;1;1;no;no;yes;yes;yes;yes;yes;no;3;4;2;3;3;1;2;11;15;14
GP;M;15;U;GT3;A;0;3;services;teacher;home;father;3;3;1;yes;yes;yes;yes;yes;yes;yes;yes;3;1;1;5;5;4;20;10;10;10
MS;M;16;U;LE3;T;3;0;teacher;health;reputation;mother;3;4;1;no;yes;no;yes;yes;yes;yes;no;5;2;5;5;3;5;15;9;10;10
GP;F;17;U;LE3;T;2;4;services;services;home;other;3;1;2;no;no;yes;yes;yes;yes;yes;no;2;2;2;5;5;3;5;8;10;10
GP;F;20;U;LE3;T;3;0;health;other;course;mother;2;4;1;no;yes;yes;yes;yes;yes;no;yes;3;3;1;1;5;3;2;9;9;9
GP;M;16;U;GT3;A;3;4;teacher;health;home;father;3;4;3;no;no;yes;no;yes;yes;yes;yes;3;5;5;4;4;2;8;10;12;11
GP;F;21;U;LE3;T;1;4;health;other;other;mother;3;1;3;no;yes;yes;no;yes;yes;yes;no;1;1;4;3;2;1;10;1;0;1
GP;M;16;U;LE3;T;0;4;other;health;reputation;other;1;3;1;no;yes;no;no;yes;yes;no;no;4;2;1;4;4;3;20;11;11;11
GP;F;17;U;GT3;T;4;3;at_home;services;other;mother;4;4;3;yes;yes;no;yes;no;yes;yes;no;1;1;4;1;1;3;12;6;6;8
GP;M;16;U;LE3;T;0;0;other;services;course;other;4;1;1;no;yes;no;yes;no;yes;yes;yes;5;4;3;3;5;5;17;1;2;2
GP;F;17;U;LE3;T;4;0;at_home;at_home;home;other;3;2;1;no;no;yes;yes;yes;yes;yes;no;2;4;3;3;2;5;21;15;13;16
GP;M;15;U;GT3;T;0;3;other;health;other;mother;4;2;0;no;no;yes;yes;yes;yes;yes;no;4;5;3;2;5;2;23;8;10;11
GP;F;22;U;GT3;T;3;2;services;at_home;other;father;1;2;2;no;no;yes;yes;yes;no;yes;yes;1;2;3;4;5;2;21;10;11;13
GP;M;17;U;GT3;A;2;1;health;health;home;other;1;1;2;no;no;no;yes;yes;yes;yes;yes;3;3;2;4;4;2;3;8;10;11
GP;F;17;U;GT3;T;2;0;at_home;at_home;home;mother;3;2;0;no;no;no;yes;yes;no;yes;no;3;2;3;2;2;5;21;9;12;11
GP;M;18;R;GT3;T;1;1;teacher;services;reputation;other;1;4;0;no;yes;no;yes;yes;yes;no;no;4;1;2;5;2;5;23;10;10;10
GP;M;17;U;GT3;T;4;3;health;other;other;father;4;2;2;no;yes;no;yes;no;yes;yes;no;3;4;2;1;5;1;7;11;8;7
GP;F;17;U;LE3;T;4;2;teacher;at_home;other;mother;2;2;1;no;yes;no;yes;yes;yes;no;yes;1;1;5;4;2;4;12;11;13;13
GP;M;20;U;LE3;T;4;2;health;health;course;mother;4;4;1;no;yes;no;yes;yes;yes;no;yes;1;5;2;2;2;4;9;10;10;11
GP;M;22;R;LE3;T;3;2;health;health;reputation;mother;2;2;2;no;no;no;yes;yes;yes;yes;no;3;4;2;3;4;1;1;12;11;12
GP;F;15;U;GT3;T;4;3;other;services;course;father;3;4;1;no;yes;no;yes;yes;yes;yes;yes;3;3;3;2;3;4;7;14;15;17
MS;M;21;U;GT3;T;2;4;at_home;health;other;other;2;2;0;no;yes;yes;yes;yes;yes;yes;no;5;4;2;5;1;5;5;12;16;16
GP;M;18;U;GT3;T;3;4;at_home;teacher;course;mother;1;4;1;no;yes;no;yes;yes;yes;yes;no;2;2;4;1;3;4;15;9;9;7
GP;M;20;U;GT3;T;0;1;health;other;other;other;4;2;1;yes;yes;no;yes;no;yes;yes;yes;4;2;3;5;2;5;17;10;12;17
GP;F;19;R;LE3;T;4;4;services;at_home;other;other;2;4;3;no;yes;no;yes;yes;no;no;no;1;4;1;3;5;1;16;12;11;11
GP;F;22;R;LE3;T;4;4;services;other;course;father;4;1;3;no;yes;yes;yes;yes;yes;yes;no;4;5;3;3;1;2;5;3;1;3
GP;M;15;U;GT3;A;0;2;teacher;services;course;mother;3;4;3;yes;yes;no;yes;no;yes;yes;no;5;2;2;3;1;1;12;7;9;8
GP;M;15;U;LE3;T;4;2;teacher;at_home;home;other;3;2;1;no;yes;no;no;yes;yes;yes;yes;1;2;4;3;5;4;22;10;11;12
GP;F;19;R;LE3;T;0;1;other;at_home;home;mother;1;2;2;no;no;yes;yes;yes;yes;yes;yes;5;3;3;2;1;5;13;6;6;5
GP;M;21;R;GT3;T;3;0;health;teacher;home;mother;3;3;0;yes;yes;no;yes;yes;yes;yes;no;5;4;4;3;5;4;20;15;18;15
GP;F;17;U;LE3;T;2;1;teacher;services;other;father;2;4;1;yes;yes;yes;no;yes;no;yes;no;3;2;1;3;1;4;9;10;8;8
GP;F;20;R;GT3;T;0;1;teacher;health;course;mother;3;1;2;yes;yes;yes;yes;yes;yes;yes;yes;4;5;1;2;3;2;23;3;2;2
GP;F;16;R;GT3;T;1;3;health;teacher;reputation;mother;1;4;1;no;yes;yes;yes;yes;yes;yes;yes;4;1;5;3;1;4;10;16;16;16
GP;F;18;U;GT3;T;0;3;other;teacher;other;other;4;4;0;yes;yes;yes;no;no;yes;yes;yes;3;4;5;5;4;2;12;8;8;9
GP;M;16;U;GT3;T;4;1;teacher;other;reputation;father;4;1;1;no;yes;no;no;yes;no;yes;no;4;3;3;5;5;5;11;9;12;12
GP;F;19;U;GT3;T;3;1;other;other;course;mother;3;4;0;no;yes;yes;yes;yes;yes;yes;no;3;2;5;4;1;5;8;14;15;16
GP;M;15;R;GT3;T;3;1;at_home;other;other;other;2;1;1;no;yes;yes;yes;yes;yes;yes;no;1;5;4;5;5;2;3;9;9;10
MS;M;21;U;GT3;T;0;4;other;teacher;reputation;father;1;1;0;no;yes;yes;yes;yes;yes;yes;yes;5;4;5;1;4;1;6;11;10;10
GP;M;15;R;GT3;T;2;3;services;health;reputation;father;2;4;1;yes;yes;yes;yes;yes;yes;yes;no;5;5;4;1;1;5;23;11;13;13
GP;M;18;U;GT3;T;1;1;services;at_home;home;other;1;4;0;no;no;yes;no;yes;yes;yes;yes;4;5;5;1;1;1;21;11;10;9
GP;F;15;U;GT3;T;3;2;other;other;home;other;3;2;3;no;yes;no;yes;yes;yes;no;no;2;3;5;2;4;5;1;6;5;6
GP;M;15;U;GT3;T;4;2;services;health;home;other;1;2;1;no;no;yes;yes;yes;yes;yes;no;5;4;5;5;4;5;6;8;8;8
GP;M;18;U;GT3;T;4;4;at_home;services;other;other;1;3;1;no;yes;no;no;no;yes;yes;yes;3;2;2;1;4;3;8;12;13;13
GP;F;20;R;GT3;T;2;4;health;other;course;other;3;3;2;no;yes;no;no;yes;yes;no;no;2;3;2;4;5;4;4;9;9;10
GP;M;20;R;GT3;T;3;0;services;at_home;course;mother;2;4;2;yes;no;yes;yes;yes;yes;yes;yes;2;2;5;2;4;4;14;5;7;8
MS;M;18;R;GT3;T;0;0;services;services;home;mother;3;1;0;no;no;no;no;no;yes;yes;yes;5;1;4;4;5;1;17;13;13;13
GP;M;21;U;GT3;T;4;0;other;services;home;father;1;3;1;no;yes;yes;yes;yes;yes;no;no;5;5;3;5;3;4;3;10;12;14
GP;M;19;U;LE3;T;2;4;at_home;at_home;home;mother;3;4;0;no;yes;yes;no;yes;yes;yes;no;5;1;1;3;1;1;18;13;14;13
GP;M;22;U;GT3;T;3;4;health;other;reputation;mother;1;3;3;no;yes;yes;yes;no;yes;yes;no;3;5;2;4;1;5;19;7;10;9
GP;F;15;U;GT3;T;3;4;other;teacher;home;mother;3;1;2;no;yes;yes;yes;yes;yes;no;no;2;3;5;3;2;3;6;5;5;6
GP;M;21;U;LE3;T;3;2;other;at_home;reputation;other;4;4;0;no;yes;no;yes;yes;yes;yes;no;4;2;1;2;3;3;7;11;13;16
MS;M;15;U;LE3;T;3;4;at_home;at_home;course;father;4;1;0;yes;yes;no;yes;yes;yes;yes;yes;3;2;2;4;4;5;16;11;9;9
GP;F;22;U;LE3;T;3;2;health;at_home;other;father;3;4;2;no;yes;yes;yes;yes;yes;yes;yes;1;3;3;4;4;2;12;7;12;13
GP;F;19;U;LE3;T;4;0;at_home;services;other;father;2;3;1;no;yes;no;no;yes;yes;yes;no;5;4;4;2;3;2;23;16;18;17
MS;F;20;R;GT3;T;2;0;health;health;other;father;1;2;0;no;no;yes;no;yes;yes;yes;yes;2;1;5;2;4;4;20;4;4;3
GP;M;21;R;GT3;T;3;0;at_home;teacher;other;mother;4;3;2;no;no;no;yes;yes;yes;yes;no;3;1;3;1;2;1;22;5;5;7
GP;M;17;U;GT3;T;1;1;other;other;reputation;mother;2;3;1;no;no;yes;yes;yes;yes;no;yes;1;2;2;5;5;3;10;10;10;11
GP;F;17;U;GT3;T;1;1;other;other;reputation;other;1;2;3;no;yes;yes;yes;yes;yes;no;no;3;2;5;4;1;4;0;1;4;6
GP;M;22;U;GT3;T;2;3;teacher;health;home;father;4;2;2;yes;no;yes;no;yes;yes;no;no;3;2;1;4;3;5;1;8;10;12
GP;F;17;U;GT3;T;0;3;services;at_home;reputation;mother;4;4;0;no;no;yes;no;no;yes;yes;yes;4;3;4;2;1;3;16;14;14;12
GP;M;20;R;GT3;T;0;3;at_home;teacher;home;mother;3;4;3;no;yes;no;no;yes;yes;yes;yes;4;4;2;2;5;1;4;10;9;8
GP;M;22;R;LE3;T;0;1;teacher;other;home;other;1;1;1;no;yes;no;no;no;yes;no;no;3;1;4;5;3;1;5;10;12;13
GP;M;20;U;LE3;T;1;1;services;other;other;other;2;1;1;no;no;yes;yes;yes;yes;no;no;1;5;5;2;5;2;24;9;11;9
GP;F;19;U;GT3;T;0;3;at_home;at_home;reputation;other;2;3;2;yes;yes;no;yes;yes;yes;yes;yes;2;3;3;3;4;4;23;9;11;10
GP;F;15;U;LE3;T;4;3;health;health;reputation;mother;2;2;2;no;yes;no;no;yes;no;yes;no;2;1;4;3;4;5;6;6;6;8
GP;F;19;U;GT3;T;3;4;services;teacher;home;mother;1;1;2;no;yes;no;no;yes;yes;yes;yes;5;4;1;3;4;3;20;5;5;5
GP;F;19;U;LE3;T;1;3;other;health;home;other;2;3;1;no;yes;yes;yes;yes;yes;yes;no;5;3;2;3;5;1;14;13;16;17
MS;M;20;R;GT3;T;2;4;teacher;health;course;father;2;2;3;no;no;no;yes;yes;yes;yes;no;2;1;1;5;5;3;18;4;7;7
GP;M;22;U;LE3;T;2;2;services;teacher;course;other;2;4;1;no;yes;no;no;yes;no;no;yes;3;3;4;4;5;5;15;16;17;17
GP;M;22;U;GT3;T;3;1;services;teacher;home;other;3;3;0;no;yes;no;yes;yes;yes;yes;no;3;1;3;3;1;3;24;14;16;14
GP;M;17;R;GT3;T;1;3;other;other;course;other;3;4;1;no;yes;yes;yes;yes;yes;yes;no;4;1;3;2;5;4;12;10;11;12
GP;M;16;U;GT3;T;0;1;at_home;other;course;other;1;1;0;yes;yes;yes;no;yes;no;yes;yes;4;4;1;3;4;2;4;9;8;10
MS;M;15;U;GT3;T;0;1;health;teacher;home;mother;1;1;3;no;yes;yes;yes;yes;yes;yes;no;5;5;5;5;2;3;2;5;4;4
MS;M;20;U;GT3;T;4;1;other;services;home;father;2;2;2;no;yes;no;yes;yes;yes;yes;yes;2;4;5;2;5;2;2;10;12;13
GP;M;17;U;GT3;T;4;2;health;other;reputation;other;3;3;2;yes;no;no;no;yes;yes;yes;yes;3;1;3;3;2;5;18;7;9;8
GP;F;21;U;GT3;T;0;0;at_home;services;home;father;4;4;1;no;yes;yes;no;yes;yes;yes;yes;2;3;1;4;4;2;13;10;12;12
GP;F;16;U;GT3;T;2;3;services;teacher;home;father;4;2;2;no;yes;no;no;yes;yes;yes;yes;1;4;1;2;5;3;15;3;4;5
GP;F;16;U;GT3;T;2;0;health;other;other;father;2;1;3;no;no;no;yes;no;yes;yes;yes;2;5;1;2;1;3;21;0;2;3
GP;M;20;R;LE3;T;4;0;teacher;health;reputation;other;2;1;2;no;yes;no;yes;yes;yes;yes;no;1;1;4;4;1;1;16;10;11;12
GP;M;18;U;GT3;T;3;0;teacher;teacher;reputation;mother;3;3;1;yes;no;no;no;yes;yes;yes;no;4;4;5;2;2;3;3;5;6;4
GP;F;15;R;GT3;T;0;1;other;at_home;reputation;other;3;4;3;no;no;no;no;yes;yes;no;no;4;4;5;3;1;2;12;7;7;7
GP;M;16;R;GT3;T;4;4;at_home;services;other;father;3;3;0;no;no;yes;yes;no;yes;yes;no;5;4;4;2;1;1;7;8;7;6
GP;M;20;U;LE3;T;4;1;other;teacher;home;father;1;4;1;no;yes;no;no;yes;yes;yes;no;2;4;2;3;1;3;18;10;12;12
MS;F;20;R;GT3;T;0;1;other;teacher;reputation;mother;1;4;0;no;yes;yes;yes;no;yes;yes;no;2;3;4;4;4;3;4;13;15;15
GP;F;17;U;LE3;T;0;0;other;other;reputation;other;2;3;3;no;yes;yes;yes;yes;yes;no;no;1;5;1;1;1;5;1;9;13;15
GP;M;21;R;LE3;T;2;1;teacher;other;course;father;1;2;1;no;yes;yes;yes;yes;no;yes;yes;4;5;4;4;3;1;14;7;8;9
GP;F;18;U;GT3;T;3;0;teacher;other;reputation;mother;3;3;1;no;no;yes;yes;no;yes;yes;no;1;1;1;3;5;5;1;4;3;5
MS;M;15;U;GT3;T;3;4;other;at_home;home;father;3;3;3;no;no;yes;yes;yes;yes;yes;yes;4;2;3;5;1;5;10;4;4;4
GP;F;22;U;LE3;T;0;3;teacher;other;home;mother;1;1;2;yes;no;yes;yes;yes;no;yes;yes;1;3;1;4;1;5;12;10;10;9
GP;M;19;R;LE3;T;1;0;at_home;teacher;course;mother;4;1;1;no;no;no;no;yes;yes;no;no;4;1;5;5;1;4;22;6;7;9
GP;M;21;U;GT3;T;4;4;other;other;reputation;other;2;3;1;no;no;yes;no;no;yes;yes;yes;1;1;4;5;3;5;9;12;13;14
GP;M;21;U;GT3;T;4;3;teacher;health;reputation;father;4;3;0;yes;yes;no;yes;yes;no;yes;yes;4;4;1;3;1;2;2;12;13;13
GP;M;17;R;LE3;T;0;2;health;other;reputation;other;2;1;2;no;yes;yes;yes;yes;yes;yes;no;1;2;2;3;1;3;4;1;3;4
GP;F;22;U;GT3;T;1;0;other;at_home;other;father;4;4;0;no;no;no;yes;yes;yes;yes;no;2;2;3;1;5;4;2;11;12;14
GP;F;16;U;LE3;T;2;0;other;health;reputation;other;1;3;0;no;yes;no;yes;yes;yes;yes;no;5;3;2;2;3;5;5;14;11;12
GP;F;16;U;GT3;T;0;2;at_home;teacher;home;father;2;2;2;no;yes;yes;no;no;yes;yes;no;1;2;2;4;3;3;12;5;6;6
GP;M;17;U;GT3;T;0;2;services;teacher;home;other;2;2;2;yes;yes;no;no;yes;yes;yes;yes;5;1;2;3;1;1;9;16;17;17
GP;M;20;U;LE3;T;4;0;services;services;other;mother;2;2;3;no;no;no;no;yes;yes;yes;yes;2;2;3;4;3;1;18;8;9;10
GP;M;16;R;GT3;A;0;2;at_home;health;other;father;3;3;2;yes;yes;no;yes;no;yes;yes;no;2;2;3;5;2;3;7;12;12;13
GP;F;18;U;GT3;T;0;1;at_home;services;reputation;father;3;4;1;no;no;no;yes;yes;yes;yes;yes;4;5;3;2;3;2;17;11;12;14
GP;F;15;U;GT3;T;0;3;at_home;health;course;mother;4;4;2;yes;no;no;yes;yes;yes;yes;no;5;1;3;1;3;3;2;11;12;12
GP;F;21;U;GT3;T;4;3;services;health;other;other;1;1;3;no;yes;no;yes;yes;yes;no;yes;3;2;2;4;3;3;23;8;8;7
GP;F;21;R;GT3;T;2;3;at_home;at_home;other;father;3;3;3;no;yes;yes;no;yes;yes;yes;no;4;2;5;2;4;4;23;8;10;14
GP;M;18;R;GT3;T;2;1;teacher;services;reputation;father;2;4;3;no;yes;yes;no;yes;yes;yes;no;5;4;5;1;4;1;16;7;8;9
GP;F;22;U;GT3;T;0;2;other;at_home;reputation;other;3;3;2;no;no;no;yes;yes;yes;yes;no;1;2;3;4;4;1;7;1;2;4
GP;F;16;R;LE3;T;4;4;other;health;other;mother;1;1;2;no;no;yes;no;yes;yes;yes;no;1;2;4;2;3;5;9;5;2;3
GP;M;21;U;GT3;T;2;2;health;teacher;course;other;3;1;0;no;no;no;yes;yes;yes;yes;no;2;5;1;3;2;3;1;11;10;11
GP;F;19;R;GT3;T;2;0;health;health;other;other;2;1;0;no;yes;yes;yes;no;yes;yes;yes;3;1;4;4;3;3;11;10;9;9
GP;F;22;U;GT3;T;2;3;other;at_home;reputation;other;4;2;1;no;yes;no;no;yes;yes;yes;yes;1;3;4;2;1;2;22;8;9;6
GP;M;15;R;LE3;T;4;2;teacher;services;reputation;father;2;3;0;no;yes;no;yes;yes;yes;yes;yes;5;1;4;1;2;1;5;13;15;14
GP;F;15;U;LE3;T;4;4;services;services;other;mother;1;1;1;yes;no;yes;yes;yes;yes;yes;no;5;4;5;2;4;2;1;10;10;11
MS;M;21;U;GT3;T;0;0;services;at_home;course;mother;4;3;3;no;yes;yes;no;no;yes;no;yes;1;1;1;3;5;4;20;3;5;2
GP;M;17;U;GT3;T;3;1;teacher;services;other;other;3;2;0;no;yes;no;no;yes;yes;yes;no;5;2;4;4;2;5;22;12;14;15
GP;M;22;U;GT3;T;2;1;services;other;other;father;3;2;2;no;yes;no;yes;yes;yes;no;yes;5;4;3;4;4;2;23;6;7;8
GP;F;21;U;LE3;T;3;4;at_home;teacher;reputation;other;3;1;0;no;yes;yes;yes;yes;no;yes;no;2;1;5;4;2;1;2;10;11;13
MS;M;17;U;LE3;T;4;0;other;teacher;course;father;4;1;1;no;yes;yes;no;yes;yes;yes;no;3;4;3;3;2;4;16;9;10;11
GP;F;21;U;GT3;T;4;3;other;teacher;home;father;2;4;0;no;yes;no;no;yes;yes;yes;yes;2;3;3;1;3;3;6;13;13;15
GP;F;19;U;LE3;A;4;2;teacher;services;course;father;4;3;3;no;yes;no;no;yes;yes;no;yes;3;1;4;4;1;4;20;6;7;10
GP;F;22;U;LE3;T;3;0;services;services;other;father;4;1;2;yes;yes;yes;yes;yes;yes;yes;yes;5;2;3;1;5;2;4;6;9;11
GP;M;20;U;GT3;T;4;1;health;health;other;mother;1;4;1;no;no;yes;no;no;yes;yes;no;3;4;1;2;4;1;22;14;15;16
GP;F;15;U;GT3;A;0;4;health;health;other;father;4;3;2;no;no;no;yes;yes;yes;yes;no;5;5;3;1;2;2;0;11;12;12
GP;F;21;R;GT3;T;4;4;services;teacher;course;father;3;1;2;no;yes;yes;no;yes;yes;yes;yes;5;4;4;1;5;3;7;5;4;5
GP;M;19;U;GT3;T;1;2;health;other;reputation;other;2;4;1;no;no;yes;yes;yes;no;yes;no;2;5;3;4;2;3;11;11;14;14
GP;F;17;U;LE3;A;3;4;teacher;health;other;other;2;4;2;no;yes;no;no;yes;no;yes;yes;2;2;5;5;1;1;13;13;12;14
MS;F;17;U;GT3;T;1;4;teacher;health;other;mother;2;3;2;no;yes;yes;yes;yes;yes;yes;no;4;3;5;5;5;5;15;8;6;7
MS;F;15;U;GT3;T;4;0;services;services;course;other;3;4;0;no;no;no;yes;yes;yes;yes;no;1;5;5;3;4;4;9;13;14;14
GP;F;18;R;GT3;T;0;3;health;other;home;father;3;3;2;no;no;yes;yes;yes;yes;yes;no;4;3;2;3;2;4;14;5;4;6
GP;F;21;U;GT3;T;2;2;teacher;teacher;home;other;3;3;2;no;no;no;yes;yes;yes;yes;yes;4;4;5;5;1;3;20;0;2;2
GP;F;22;U;GT3;T;4;0;teacher;health;reputation;mother;3;3;2;no;yes;no;no;yes;yes;yes;no;3;2;5;2;5;2;23;7;5;4
GP;M;16;U;GT3;A;0;3;at_home;other;reputation;other;3;2;2;no;yes;yes;no;yes;yes;no;no;5;5;2;4;2;2;14;7;9;9
MS;F;17;R;GT3;T;3;0;at_home;other;other;other;4;4;1;no;no;no;no;yes;yes;no;yes;5;4;5;4;2;5;9;12;14;13
MS;F;22;U;GT3;T;1;0;teacher;teacher;course;mother;3;3;3;no;yes;yes;yes;yes;yes;no;yes;5;1;4;2;4;2;20;1;2;4
GP;M;22;U;GT3;T;1;4;services;other;other;mother;3;1;0;no;yes;no;no;yes;yes;yes;no;1;4;5;2;1;4;6;9;7;6
GP;F;20;R;GT3;T;1;3;other;other;reputation;father;3;2;2;no;no;no;no;yes;yes;no;no;3;3;5;5;3;2;2;9;7;7
GP;M;22;U;GT3;T;3;2;other;other;course;other;3;2;2;no;no;yes;yes;yes;yes;yes;no;3;2;2;3;2;5;1;9;10;12
GP;F;22;U;GT3;T;0;2;teacher;health;course;father;2;4;1;yes;no;yes;yes;no;yes;yes;no;5;2;4;2;5;4;5;10;10;10
MS;F;20;U;GT3;T;3;3;teacher;teacher;reputation;other;3;3;3;no;yes;yes;no;yes;yes;yes;no;4;4;3;3;4;2;20;7;9;10
GP;F;17;U;GT3;T;1;4;teacher;other;home;other;4;4;2;yes;no;no;no;yes;yes;yes;yes;1;1;1;1;4;4;8;13;14;13
GP;F;22;U;GT3;A;4;1;services;other;home;father;4;2;1;no;yes;yes;no;yes;yes;no;yes;4;3;4;4;2;3;9;14;14;15
GP;F;18;U;GT3;T;2;0;at_home;health;course;other;4;3;0;no;yes;yes;yes;yes;yes;yes;no;2;4;3;5;2;3;3;14;11;12
GP;F;18;R;LE3;T;3;4;teacher;teacher;other;other;1;1;0;no;yes;yes;no;yes;yes;yes;no;3;4;4;4;2;3;2;15;17;17
GP;F;19;R;GT3;T;3;3;teacher;services;home;other;2;3;2;yes;yes;yes;yes;no;yes;yes;no;3;2;3;5;3;2;8;12;12;13
GP;F;20;U;GT3;A;0;0;health;health;other;mother;3;2;2;no;yes;no;no;yes;yes;yes;no;4;3;3;1;2;5;23;9;9;10
GP;F;19;U;LE3;A;0;2;services;teacher;home;father;1;1;3;no;no;yes;no;no;yes;yes;no;1;1;4;4;1;4;21;1;0;0
GP;F;20;U;GT3;T;3;1;teacher;other;home;mother;3;3;3;no;yes;no;yes;no;yes;yes;no;3;2;2;1;5;1;16;4;2;4
GP;F;21;U;GT3;T;1;2;health;teacher;other;father;1;1;2;no;yes;yes;no;yes;yes;yes;no;4;4;4;5;2;3;13;7;10;12
GP;F;21;U;LE3;T;2;3;other;teacher;reputation;father;1;1;1;no;yes;yes;yes;yes;yes;yes;no;1;2;4;2;3;3;9;9;11;10
GP;M;22;U;LE3;T;0;0;teacher;teacher;home;other;4;2;3;no;yes;no;no;yes;yes;yes;yes;4;2;3;4;5;1;12;5;7;10
GP;F;16;R;GT3;T;1;3;teacher;services;home;father;4;1;2;yes;yes;no;yes;yes;yes;yes;no;1;5;1;1;4;1;11;10;10;10
GP;M;21;U;GT3;T;4;0;health;teacher;other;mother;1;4;3;no;no;no;yes;no;yes;yes;yes;5;2;3;4;2;2;0;16;14;17
GP;M;16;R;GT3;A;0;4;services;services;reputation;mother;4;2;2;no;no;yes;yes;yes;yes;no;no;1;2;5;4;5;4;21;7;11;11
GP;F;21;U;GT3;T;1;1;teacher;other;home;mother;1;4;0;no;yes;yes;yes;no;yes;yes;no;2;3;4;4;4;3;18;10;11;12
GP;M;15;U;GT3;T;1;4;other;services;home;father;2;1;2;no;no;no;yes;yes;yes;yes;no;5;2;4;3;3;5;18;7;8;9
GP;M;21;U;GT3;T;2;4;teacher;other;reputation;mother;4;4;0;no;yes;yes;no;no;yes;yes;no;4;1;2;1;1;2;5;17;17;17
GP;F;19;U;GT3;T;2;3;other;other;home;father;4;3;3;yes;yes;yes;no;no;yes;yes;yes;5;4;3;1;2;2;12;9;7;8
GP;F;17;R;GT3;T;4;1;at_home;services;reputation;mother;4;1;2;no;no;no;no;yes;yes;yes;yes;5;3;2;4;1;5;18;9;11;13
GP;M;22;U;LE3;T;1;0;at_home;health;reputation;mother;2;3;3;no;yes;no;yes;yes;no;yes;no;4;2;4;2;3;5;12;3;2;2
GP;M;19;R;GT3;T;1;0;other;at_home;other;father;1;4;0;no;no;no;no;yes;yes;yes;no;4;1;3;4;5;5;21;12;13;13
GP;F;17;U;GT3;T;2;2;services;teacher;course;mother;3;3;2;no;yes;no;yes;no;yes;yes;yes;2;4;3;3;5;1;20;7;9;8
MS;F;18;R;GT3;A;0;0;teacher;at_home;reputation;other;4;1;3;no;no;no;no;no;yes;yes;no;4;3;5;5;3;3;3;3;4;7
GP;F;19;U;GT3;T;0;3;teacher;teacher;other;father;1;3;0;yes;yes;yes;yes;yes;yes;yes;no;3;1;5;3;3;1;23;9;10;10
MS;F;18;R;GT3;T;3;4;at_home;teacher;course;father;2;4;3;yes;yes;yes;no;yes;yes;yes;no;3;2;1;2;2;3;1;13;15;17
GP;M;16;U;GT3;T;2;4;other;other;home;father;3;4;1;no;yes;no;no;yes;yes;yes;yes;2;5;5;4;4;1;14;11;10;10
GP;F;16;U;GT3;T;3;4;teacher;teacher;course;other;4;4;0;yes;no;no;yes;no;yes;no;no;1;5;3;1;1;4;11;16;17;19
GP;F;15;U;GT3;T;2;1;teacher;teacher;reputation;father;2;1;0;no;yes;no;yes;yes;yes;yes;no;1;3;5;4;1;3;6;5;5;7
GP;M;21;R;GT3;T;4;0;services;services;reputation;mother;2;4;0;no;no;yes;yes;no;yes;yes;no;3;1;1;2;5;2;19;10;8;8
GP;F;19;R;GT3;T;1;3;health;at_home;reputation;mother;3;1;2;no;yes;yes;yes;yes;yes;yes;no;4;4;4;1;5;3;17;9;10;10
GP;F;18;U;GT3;T;4;1;at_home;services;reputation;mother;1;3;2;no;yes;no;no;yes;yes;no;no;2;1;5;3;2;3;22;6;8;8
GP;M;17;U;GT3;T;2;2;at_home;teacher;reputation;father;4;4;2;no;yes;yes;no;yes;yes;yes;no;1;5;3;5;3;3;12;9;12;12
GP;M;16;R;LE3;T;1;3;health;other;other;mother;4;3;1;no;yes;yes;yes;yes;yes;yes;yes;1;3;4;5;1;4;16;14;17;19
GP;F;21;R;GT3;T;0;3;teacher;services;reputation;father;1;2;1;no;no;no;no;yes;yes;yes;yes;5;2;3;4;2;1;3;8;6;7
GP;M;16;R;GT3;T;0;3;services;services;other;mother;1;3;0;no;yes;no;no;yes;yes;no;yes;3;1;4;3;5;2;24;6;9;8
GP;F;17;U;GT3;T;3;4;services;health;home;other;1;2;1;no;no;yes;no;yes;yes;no;yes;4;5;3;2;5;1;13;8;9;9
MS;F;21;U;GT3;T;2;3;at_home;teacher;reputation;other;3;3;3;no;yes;no;yes;yes;yes;yes;no;2;4;5;5;1;1;19;3;6;6
MS;M;21;U;LE3;T;2;0;services;other;reputation;other;3;1;0;no;yes;no;yes;yes;yes;yes;no;1;3;5;3;5;5;12;10;10;8
MS;F;18;U;GT3;T;0;3;health;services;course;other;4;3;0;yes;no;yes;yes;yes;yes;yes;no;5;2;1;4;5;4;2;13;13;13
GP;F;18;U;LE3;T;4;4;teacher;services;home;father;3;1;3;no;yes;yes;no;no;yes;yes;yes;3;1;4;1;4;5;17;3;2;3
GP;F;19;U;GT3;T;1;3;health;other;reputation;mother;2;1;0;yes;yes;yes;yes;yes;yes;yes;no;3;4;1;4;3;4;13;9;11;11
MS;F;19;U;GT3;T;4;2;other;teacher;reputation;other;4;4;1;no;no;yes;yes;no;yes;yes;yes;2;2;2;4;5;1;14;10;11;12
GP;F;20;R;GT3;T;4;2;at_home;health;home;father;3;1;2;no;no;no;no;yes;yes;yes;yes;1;5;5;3;4;1;2;4;3;4
MS;F;22;U;LE3;T;0;4;services;services;other;other;1;2;3;no;yes;yes;no;yes;yes;yes;yes;2;5;4;5;2;4;0;8;6;6
MS;F;20;U;GT3;T;0;0;other;health;reputation;other;2;4;1;no;yes;no;no;yes;yes;yes;no;2;4;1;3;5;1;23;10;11;12
GP;F;15;U;GT3;T;0;0;services;at_home;course;father;1;4;3;no;yes;yes;yes;yes;yes;yes;yes;5;5;1;1;2;1;16;4;5;7
GP;M;16;U;LE3;A;3;1;teacher;teacher;reputation;father;4;3;3;no;yes;yes;yes;yes;yes;yes;no;3;3;2;3;5;2;2;5;4;3
GP;M;19;U;GT3;T;4;4;teacher;at_home;course;mother;1;1;0;yes;no;no;no;yes;yes;no;yes;4;4;1;2;1;5;13;12;11;11
GP;M;18;U;GT3;T;2;3;teacher;at_home;course;mother;3;1;0;no;no;yes;yes;yes;yes;yes;no;3;5;3;4;4;5;2;9;11;15
GP;M;17;U;GT3;T;1;4;services;at_home;reputation;other;3;2;1;no;yes;no;yes;yes;yes;yes;no;3;1;5;5;4;5;12;14;17;18
GP;F;18;U;LE3;T;3;1;other;teacher;reputation;other;4;3;3;no;yes;yes;yes;yes;yes;yes;no;5;5;1;1;1;3;14;8;8;8
GP;F;16;U;GT3;T;2;4;teacher;teacher;course;mother;1;3;0;no;yes;yes;yes;yes;yes;yes;no;4;3;1;4;3;2;17;12;11;11
MS;M;20;U;LE3;A;4;4;other;other;home;mother;4;4;0;yes;yes;no;yes;yes;yes;yes;no;1;2;2;3;4;5;13;16;17;19
GP;M;18;U;LE3;A;0;1;services;health;home;father;1;4;3;no;yes;yes;no;yes;yes;yes;no;4;2;3;2;2;5;20;7;8;7
GP;M;22;R;GT3;T;4;0;other;health;reputation;mother;2;4;1;no;yes;no;no;yes;yes;no;no;1;5;1;3;4;2;2;11;11;13
GP;F;15;U;GT3;T;1;3;services;other;other;mother;3;2;1;no;yes;no;no;yes;yes;yes;yes;4;2;5;4;3;1;18;8;11;11
GP;F;16;R;GT3;T;3;1;services;other;home;other;4;2;3;no;yes;yes;yes;yes;yes;yes;yes;2;5;5;1;2;5;7;9;11;11
MS;F;20;R;GT3;T;3;2;at_home;at_home;reputation;mother;2;4;1;no;yes;yes;yes;no;yes;no;yes;4;3;1;5;2;1;3;13;13;13
GP;F;22;U;LE3;T;1;0;services;other;home;other;2;3;0;no;yes;no;yes;no;yes;yes;no;5;2;3;4;1;5;3;8;6;6
GP;M;17;U;LE3;T;2;2;services;services;other;mother;4;2;3;no;yes;no;no;yes;yes;no;no;1;1;5;1;5;4;18;4;6;6
GP;M;20;U;GT3;T;2;0;health;health;reputation;father;4;3;0;no;yes;yes;yes;yes;yes;no;no;3;5;5;4;1;3;10;13;15;17
GP;F;21;U;GT3;A;3;3;teacher;other;other;mother;2;3;2;no;yes;no;no;yes;yes;yes;no;5;2;3;2;5;5;0;11;11;11
GP;M;22;U;GT3;T;3;3;at_home;services;reputation;mother;1;1;2;no;yes;yes;no;yes;yes;yes;no;1;3;3;3;1;4;7;13;14;15
GP;M;22;U;GT3;T;0;4;at_home;services;other;mother;2;4;1;no;yes;no;yes;yes;yes;yes;no;1;3;1;5;5;2;14;9;9;10
GP;F;15;U;GT3;T;2;2;at_home;services;home;other;4;1;2;no;no;yes;yes;yes;yes;yes;no;3;1;4;1;4;4;0;7;8;9
GP;F;16;U;GT3;T;1;0;health;services;home;father;2;4;0;yes;no;no;no;yes;yes;yes;yes;2;3;2;5;2;2;6;14;13;15
GP;F;17;U;GT3;T;2;3;services;at_home;other;mother;1;4;2;no;no;no;no;yes;yes;no;no;5;3;4;5;5;5;20;12;11;11
GP;F;15;U;GT3;T;0;1;teacher;services;other;other;3;3;0;no;yes;yes;yes;yes;yes;yes;yes;3;2;4;5;4;2;19;11;13;14
GP;F;20;U;GT3;T;3;3;other;at_home;other;father;3;4;1;no;no;yes;yes;yes;yes;yes;no;3;5;5;1;3;4;19;13;15;16
MS;F;15;U;GT3;T;3;1;services;at_home;reputation;other;2;3;1;no;no;yes;no;yes;yes;yes;yes;2;4;3;1;1;3;23;9;9;11
GP;F;22;U;GT3;T;0;0;health;services;home;other;1;3;0;no;yes;no;yes;yes;yes;yes;no;5;3;5;5;3;1;10;9;9;7
GP;F;16;R;LE3;T;1;3;services;health;reputation;father;3;4;2;yes;yes;yes;yes;yes;yes;yes;no;3;3;2;3;4;1;13;4;6;7
GP;M;19;U;GT3;T;3;3;services;services;home;mother;2;3;1;no;no;yes;yes;yes;yes;yes;yes;2;4;1;4;3;3;21;9;9;11
GP;F;15;U;LE3;T;4;0;health;services;course;other;2;3;3;no;yes;no;yes;yes;yes;yes;yes;5;3;2;5;3;1;15;5;6;6
GP;F;21;U;LE3;T;3;3;at_home;services;reputation;other;1;3;1;no;yes;no;yes;yes;yes;yes;no;4;2;5;2;4;5;13;13;14;14
GP;F;15;U;GT3;T;4;1;at_home;health;home;mother;4;2;2;no;no;no;yes;yes;yes;yes;no;1;2;5;5;2;5;11;4;3;3
MS;M;20;R;LE3;T;0;3;teacher;teacher;home;mother;2;3;3;yes;no;no;yes;no;yes;yes;no;2;4;5;1;5;4;16;9;10;9
GP;F;20;U;GT3;T;0;2;teacher;teacher;reputation;father;4;2;2;no;yes;yes;no;yes;yes;yes;no;1;3;5;4;1;4;13;8;9;10
GP;F;17;U;GT3;T;3;4;at_home;at_home;reputation;father;4;2;0;no;yes;no;no;no;yes;yes;yes;4;3;4;2;5;2;9;15;16;19
GP;M;20;U;GT3;T;2;1;other;at_home;home;father;3;3;3;no;yes;yes;no;yes;yes;yes;no;3;5;1;4;1;4;23;14;15;15
GP;M;18;R;GT3;T;4;2;services;health;reputation;mother;4;3;2;no;no;yes;no;yes;yes;yes;no;3;3;4;4;5;5;13;9;13;13
GP;M;16;R;GT3;T;1;0;other;other;other;other;1;2;3;no;yes;no;no;yes;yes;yes;no;5;2;5;2;3;4;17;5;7;8
GP;F;16;U;GT3;A;3;1;services;teacher;reputation;other;3;2;2;no;yes;no;yes;yes;yes;yes;yes;2;1;3;5;2;1;21;5;6;4
GP;F;19;U;GT3;T;1;4;at_home;at_home;reputation;father;3;3;3;no;no;yes;yes;yes;yes;yes;no;2;1;4;5;3;2;8;4;5;5
GP;M;19;U;GT3;T;3;4;teacher;teacher;reputation;mother;3;3;2;yes;yes;no;no;yes;yes;yes;no;5;1;5;5;2;2;16;8;11;11
GP;M;16;U;GT3;T;2;0;teacher;health;home;other;2;4;0;no;no;yes;yes;yes;yes;yes;no;1;1;5;3;4;5;5;9;11;10
GP;M;21;U;LE3;T;2;0;other;health;other;father;2;2;3;yes;yes;yes;yes;no;yes;yes;no;3;3;1;5;1;4;7;9;8;10
GP;M;19;U;GT3;T;2;1;teacher;other;course;other;4;2;3;no;yes;no;no;yes;yes;yes;no;3;3;2;2;1;1;12;0;2;1
GP;F;17;U;GT3;T;2;3;at_home;other;course;other;3;4;3;no;yes;yes;yes;yes;yes;no;no;2;5;4;3;4;4;17;7;9;11
GP;M;20;U;LE3;T;0;0;other;health;other;mother;3;2;3;no;yes;yes;yes;yes;yes;yes;yes;2;3;4;5;5;3;4;2;5;7
GP;F;16;U;GT3;T;0;3;services;at_home;other;mother;1;1;0;no;yes;no;no;yes;yes;yes;no;5;1;4;3;4;4;5;6;6;7
GP;F;22;U;GT3;T;4;2;teacher;teacher;other;other;4;2;3;no;yes;no;no;no;yes;yes;no;4;4;5;2;4;5;20;4;4;4
GP;F;19;R;GT3;T;1;4;health;services;home;father;1;4;1;no;no;no;yes;no;yes;yes;yes;1;4;1;5;2;4;18;18;17;18
GP;F;16;U;GT3;T;3;3;teacher;other;course;mother;4;1;0;no;no;no;no;no;yes;no;no;4;2;5;1;4;2;3;8;9;9
GP;F;18;U;LE3;T;3;4;services;services;other;other;4;3;1;no;no;no;no;yes;yes;yes;no;4;2;5;2;1;1;6;11;13;11
GP;F;15;R;GT3;A;0;3;other;at_home;home;mother;2;4;3;no;yes;no;no;yes;yes;no;yes;2;3;3;4;3;5;3;10;10;9
GP;M;20;U;LE3;T;3;2;services;other;course;mother;2;4;2;no;yes;no;yes;yes;yes;yes;no;2;4;1;4;2;3;24;2;2;2
GP;F;16;R;GT3;T;0;0;health;services;reputation;mother;1;3;1;no;yes;yes;yes;no;yes;yes;no;2;1;4;2;2;1;10;8;6;5
GP;M;15;U;GT3;T;4;2;at_home;at_home;home;other;4;4;3;no;no;yes;no;yes;yes;yes;yes;4;1;2;4;5;1;11;11;14;14
GP;F;19;U;GT3;T;1;0;teacher;teacher;course;father;3;2;1;no;yes;no;no;yes;yes;yes;yes;1;1;4;2;3;2;13;8;6;7
GP;F;15;R;GT3;T;4;0;other;at_home;home;father;2;3;3;yes;no;no;no;yes;yes;yes;no;2;3;5;1;2;2;12;9;10;11
MS;M;20;U;GT3;T;2;4;at_home;other;course;father;3;4;3;yes;yes;no;yes;yes;no;yes;no;3;3;1;2;4;2;9;7;8;10
GP;F;16;U;LE3;T;2;2;services;health;course;mother;1;3;3;no;no;no;yes;yes;yes;yes;yes;1;5;1;5;2;5;17;5;6;7
GP;F;18;R;LE3;T;2;3;other;teacher;reputation;other;2;3;2;yes;no;no;no;yes;yes;yes;no;3;1;1;5;2;4;15;7;8;9
GP;F;21;U;GT3;T;4;2;at_home;services;home;mother;2;3;1;no;no;yes;yes;no;yes;no;no;1;1;3;3;2;1;4;11;10;10
GP;F;19;U;LE3;T;3;4;other;other;other;father;4;1;0;no;yes;yes;no;no;yes;yes;no;2;3;4;4;5;4;7;12;12;11
GP;M;16;R;LE3;T;1;0;health;health;reputation;father;1;4;0;yes;yes;yes;yes;yes;yes;yes;no;5;3;3;4;2;4;13;13;15;15
GP;F;20;U;GT3;T;2;4;health;at_home;reputation;other;4;1;0;no;yes;yes;yes;yes;no;yes;no;2;5;2;2;2;2;4;16;18;18
GP;M;19;R;GT3;T;2;1;teacher;health;course;mother;2;4;0;no;yes;yes;no;no;yes;yes;no;4;5;5;4;5;4;23;13;13;13
MS;F;17;U;GT3;T;2;1;teacher;other;other;father;1;2;3;no;yes;yes;no;no;yes;yes;yes;4;2;3;5;3;1;7;7;5;4
GP;M;15;U;GT3;T;1;3;health;other;home;other;2;2;1;yes;yes;no;yes;yes;no;yes;no;1;4;3;1;1;1;24;5;5;7
GP;M;21;U;GT3;T;2;4;other;health;other;mother;1;2;1;no;yes;no;yes;yes;yes;yes;no;4;1;5;2;5;3;5;12;15;15
GP;M;20;U;GT3;T;1;3;health;at_home;other;mother;2;4;2;no;yes;no;no;yes;yes;yes;yes;2;1;1;4;5;5;15;9;9;9
GP;F;17;R;LE3;T;2;3;teacher;health;other;father;3;3;1;no;yes;no;yes;no;yes;yes;no;3;5;5;5;2;4;3;9;9;9
GP;F;22;R;GT3;T;4;1;health;other;other;father;3;3;1;no;yes;yes;no;yes;yes;yes;no;2;5;4;3;2;5;11;8;11;13
GP;F;16;U;GT3;T;4;3;health;other;other;mother;4;1;1;no;no;no;no;yes;yes;yes;no;1;2;5;4;1;5;10;8;8;11
GP;M;18;R;LE3;T;1;1;other;services;course;mother;3;1;2;no;yes;no;yes;yes;no;yes;no;4;4;1;1;2;5;2;2;2;5
GP;M;19;U;LE3;T;4;0;at_home;services;course;father;2;2;0;no;yes;no;no;no;yes;yes;yes;3;2;5;1;4;5;11;11;13;12
GP;M;15;U;GT3;T;1;4;teacher;teacher;reputation;mother;2;1;1;no;yes;yes;yes;yes;yes;yes;no;5;4;3;4;2;1;4;12;15;15
GP;F;19;U;LE3;A;4;3;other;other;course;father;3;4;2;no;no;yes;no;yes;yes;no;no;3;1;2;4;2;4;5;6;6;6
MS;M;21;U;GT3;T;4;1;health;services;reputation;mother;4;4;2;no;yes;yes;yes;yes;yes;yes;yes;3;2;3;5;4;3;18;7;10;11
GP;M;16;U;GT3;T;1;2;health;health;reputation;father;3;1;3;no;yes;no;no;yes;yes;yes;no;2;5;2;4;1;5;17;2;2;3
GP;F;19;R;GT3;T;3;3;at_home;at_home;home;other;1;1;2;no;yes;no;yes;yes;yes;yes;no;5;2;5;3;4;3;15;5;4;4
GP;F;15;U;GT3;T;4;0;teacher;health;other;father;1;1;0;no;yes;no;yes;yes;yes;yes;yes;1;2;4;5;5;1;22;7;8;8
GP;M;16;U;GT3;T;2;0;teacher;at_home;course;father;1;1;1;no;yes;no;no;yes;yes;yes;no;1;1;5;2;4;1;10;12;11;10
GP;M;19;U;GT3;T;3;2;services;services;home;other;3;2;2;no;no;no;no;no;yes;yes;yes;3;5;1;3;3;2;4;10;11;8
GP;M;18;U;GT3;A;1;1;teacher;teacher;course;mother;3;2;0;no;no;no;yes;yes;yes;yes;yes;3;5;5;5;5;5;8;13;18;17
GP;F;20;U;GT3;T;3;3;at_home;health;reputation;other;3;1;2;no;yes;yes;yes;yes;yes;no;no;4;3;2;5;2;2;2;8;10;12
GP;M;16;U;GT3;T;0;1;services;health;course;father;1;4;2;no;yes;yes;no;yes;yes;yes;yes;5;3;3;1;5;3;7;11;11;13
GP;F;20;U;LE3;T;0;0;services;health;other;mother;4;2;2;yes;yes;no;yes;yes;yes;yes;no;3;3;4;5;1;4;5;3;5;7
GP;F;22;U;GT3;T;4;1;health;at_home;reputation;other;2;4;2;no;yes;yes;yes;yes;yes;yes;yes;4;1;5;3;1;2;3;10;9;11
GP;F;16;U;GT3;T;4;0;health;services;reputation;mother;3;3;2;yes;yes;no;no;no;yes;yes;no;5;2;5;4;4;1;11;5;5;4
GP;M;18;U;GT3;T;2;1;teacher;health;home;mother;4;4;0;no;yes;no;yes;yes;yes;yes;yes;1;5;3;3;5;5;11;16;16;15
GP;M;20;U;GT3;T;3;2;services;health;other;other;2;1;1;yes;no;no;no;yes;yes;no;no;4;5;4;2;2;3;24;7;8;6
GP;F;17;U;GT3;T;0;4;health;teacher;reputation;mother;2;3;1;no;no;no;no;no;yes;yes;no;5;2;5;5;1;1;20;8;7;7
GP;F;15;R;LE3;T;4;2;at_home;teacher;other;other;2;2;1;no;yes;no;no;yes;yes;yes;no;4;5;5;5;2;4;15;10;10;11
GP;M;17;U;GT3;A;3;2;health;services;course;father;4;2;1;no;yes;no;no;no;yes;yes;yes;3;2;2;5;3;5;9;11;11;10
GP;F;19;U;GT3;T;4;4;health;services;other;mother;4;3;0;yes;yes;yes;no;yes;yes;yes;no;2;1;2;5;1;4;21;5;8;9
GP;M;18;U;GT3;T;4;4;services;other;reputation;father;1;4;3;no;yes;yes;yes;yes;yes;no;yes;1;1;1;1;4;4;13;12;11;12
GP;F;17;U;GT3;T;0;3;services;teacher;home;father;4;2;3;no;yes;yes;no;yes;no;yes;no;3;1;3;1;3;5;12;6;5;5
GP;F;16;U;GT3;T;0;3;other;other;reputation;mother;4;1;0;no;no;no;yes;yes;yes;yes;no;3;2;4;4;5;5;8;14;15;14
GP;F;19;U;GT3;A;4;2;at_home;at_home;other;other;4;3;0;yes;no;yes;yes;yes;yes;yes;no;5;2;5;5;2;4;6;13;15;17
GP;F;19;U;GT3;T;1;2;services;other;other;mother;2;1;2;no;no;yes;no;yes;yes;yes;no;4;4;5;2;1;3;11;11;12;13
GP;M;17;U;GT3;T;4;0;teacher;health;reputation;father;3;3;2;no;yes;yes;no;yes;yes;yes;no;1;5;1;4;3;5;4;10;11;14
GP;F;22;U;GT3;T;4;0;at_home;other;other;father;1;2;2;yes;no;no;no;no;yes;yes;no;3;5;5;5;3;1;17;9;9;10
GP;F;17;U;GT3;T;2;3;at_home;services;course;other;3;4;1;no;yes;no;yes;yes;yes;yes;no;5;4;3;1;1;2;3;13;15;16
GP;M;22;U;LE3;A;2;3;services;at_home;reputation;mother;3;3;2;no;yes;no;no;no;yes;yes;no;1;4;1;2;5;3;1;13;15;14
GP;F;18;U;LE3;A;2;0;at_home;health;home;father;4;3;3;no;yes;no;yes;yes;yes;no;no;4;1;3;4;5;5;2;0;0;0
GP;M;15;U;LE3;T;1;0;services;other;reputation;father;1;1;1;no;yes;no;no;yes;yes;yes;no;3;4;1;2;4;5;11;8;7;5
GP;M;17;R;GT3;T;1;1;health;at_home;course;father;3;2;2;no;yes;no;no;yes;no;yes;yes;3;2;5;5;5;3;2;3;2;1
GP;M;21;U;GT3;T;4;1;other;at_home;course;other;3;1;1;no;yes;no;no;yes;yes;yes;no;3;3;1;3;4;2;3;8;10;11
GP;F;22;R;GT3;T;2;0;health;health;course;father;1;2;3;no;no;no;yes;no;yes;yes;no;1;2;2;2;3;4;5;2;0;0
GP;M;17;U;GT3;T;1;1;services;other;course;father;4;1;2;no;yes;yes;yes;yes;yes;no;no;1;4;4;2;1;1;11;8;11;11
GP;M;20;R;GT3;T;0;4;services;at_home;course;mother;3;3;3;no;yes;no;yes;yes;yes;yes;no;1;5;5;1;5;5;18;6;6;6
MS;F;16;U;GT3;T;4;3;health;at_home;home;mother;2;1;3;no;yes;yes;no;yes;yes;yes;yes;1;2;4;5;4;2;9;6;7;7
GP;F;21;U;GT3;T;3;3;teacher;teacher;other;father;3;4;3;no;no;yes;no;yes;yes;yes;no;5;5;5;2;3;1;0;11;13;15
GP;M;21;U;LE3;A;4;0;teacher;at_home;course;father;2;2;2;no;yes;no;yes;yes;yes;yes;no;2;2;4;5;5;3;16;8;8;9
GP;M;22;U;GT3;T;3;2;teacher;teacher;course;mother;4;2;0;no;no;yes;no;yes;yes;yes;no;5;5;2;1;2;5;15;12;12;11
GP;M;20;U;GT3;T;2;0;services;other;reputation;other;3;3;2;no;no;yes;no;yes;yes;yes;no;3;2;4;5;3;4;8;8;9;11
GP;M;20;U;GT3;A;3;1;at_home;other;home;other;1;2;3;no;yes;no;no;yes;no;no;no;5;5;1;1;5;3;24;4;3;6
MS;M;19;U;LE3;T;2;2;services;other;home;other;1;4;2;no;no;yes;no;yes;yes;yes;yes;4;3;4;1;3;5;20;14;13;14
GP;F;22;U;GT3;T;0;1;at_home;services;other;other;3;1;3;yes;yes;no;no;yes;yes;no;no;1;1;5;4;1;2;8;6;5;7
MS;F;15;U;GT3;A;3;4;health;other;home;other;4;3;0;no;yes;no;yes;yes;yes;yes;yes;4;2;3;5;1;1;22;9;11;13
MS;F;16;U;GT3;A;4;1;other;at_home;reputation;other;4;4;1;no;no;no;yes;no;yes;yes;yes;4;3;4;3;1;1;8;9;10;8
GP;M;18;U;GT3;T;2;4;at_home;health;reputation;other;1;2;0;no;yes;no;yes;yes;yes;yes;no;3;1;4;4;2;5;11;12;11;14
GP;F;21;R;GT3;T;4;4;teacher;teacher;other;other;3;2;0;no;yes;no;no;yes;yes;yes;yes;1;2;4;1;1;3;22;9;11;13
GP;M;18;U;LE3;T;1;1;services;services;reputation;mother;4;4;1;no;yes;no;no;yes;yes;yes;no;4;3;5;3;2;4;8;8;8;9
GP;M;17;R;GT3;T;2;1;health;other;course;other;1;1;2;no;yes;no;no;yes;yes;no;no;3;3;4;2;1;2;14;2;0;0
GP;M;17;U;GT3;T;3;4;teacher;other;course;other;2;1;1;no;no;no;yes;no;yes;no;no;1;3;5;2;3;5;1;9;11;10
GP;F;18;U;GT3;T;2;2;health;health;reputation;other;3;3;2;no;yes;no;yes;yes;yes;no;no;2;4;5;4;5;2;10;9;12;12
GP;M;17;U;GT3;T;4;4;other;health;other;father;2;2;2;no;no;no;yes;yes;no;yes;no;3;5;3;3;5;1;10;15;16;17
GP;F;15;U;GT3;T;0;3;services;services;home;mother;2;4;3;no;yes;yes;yes;yes;yes;no;no;5;1;1;5;1;4;7;7;5;4
GP;M;20;R;GT3;T;2;4;services;teacher;other;mother;4;1;3;no;no;yes;no;yes;yes;yes;no;1;5;5;3;5;2;22;4;5;5
GP;F;17;U;GT3;T;3;2;other;other;home;mother;4;3;1;yes;yes;no;no;yes;yes;yes;yes;4;5;2;4;1;5;5;15;15;14
GP;F;19;U;GT3;T;1;3;services;services;reputation;other;4;2;0;no;yes;yes;no;yes;no;yes;no;4;5;4;5;1;4;20;8;9;9
GP;M;17;U;GT3;A;0;0;at_home;at_home;reputation;other;3;2;1;no;no;yes;no;yes;yes;yes;no;5;3;2;5;4;3;19;6;5;4
GP;F;16;U;GT3;T;1;0;health;at_home;course;father;2;3;2;no;yes;no;yes;yes;yes;yes;no;5;5;4;2;4;5;6;8;8;7
GP;F;15;U;GT3;T;2;2;teacher;services;home;mother;3;3;3;no;yes;yes;yes;yes;yes;yes;yes;4;4;3;3;4;2;2;8;7;8
GP;M;16;U;LE3;T;4;4;other;other;other;other;4;1;1;no;yes;yes;yes;yes;yes;no;no;1;2;5;5;2;4;7;8;9;9
GP;M;16;U;GT3;T;4;1;at_home;services;reputation;mother;2;4;1;no;no;no;no;yes;yes;yes;yes;3;3;1;4;4;5;17;9;8;8
GP;M;19;U;GT3;T;3;2;teacher;other;other;father;3;2;3;no;yes;no;no;yes;yes;yes;no;5;1;5;2;1;4;16;6;7;7
GP;M;15;U;LE3;T;4;3;teacher;health;course;father;3;4;3;no;no;yes;yes;yes;no;no;no;5;2;4;5;3;4;10;4;4;8
GP;M;15;U;GT3;T;0;3;other;services;home;father;1;2;3;no;yes;no;yes;yes;yes;yes;yes;5;2;1;3;4;4;1;4;0;1
GP;F;22;U;LE3;T;4;0;at_home;other;home;mother;3;2;2;no;yes;no;yes;yes;yes;no;no;2;2;5;2;4;2;24;5;7;8
GP;F;15;U;GT3;T;3;3;teacher;services;reputation;other;4;4;3;no;no;yes;yes;yes;yes;yes;yes;1;5;1;3;3;5;20;6;7;6
GP;F;15;U;LE3;T;2;2;teacher;services;home;other;3;3;0;no;no;yes;yes;no;yes;yes;no;1;5;4;3;1;1;23;15;17;18
MS;M;15;U;GT3;T;2;3;at_home;other;reputation;father;2;1;1;no;no;no;yes;no;no;yes;yes;1;3;3;3;2;1;18;6;4;4
GP;M;19;U;GT3;T;4;2;services;other;course;other;3;2;3;no;no;no;yes;yes;yes;yes;no;1;5;3;2;4;2;6;6;6;5
GP;F;17;U;GT3;T;1;1;teacher;teacher;home;father;1;3;3;no;yes;no;no;yes;yes;yes;no;1;5;5;5;3;2;17;4;5;8
GP;F;22;U;LE3;T;2;0;health;services;reputation;mother;2;2;2;no;yes;no;no;yes;yes;yes;yes;4;5;2;1;1;4;7;10;11;12
GP;M;16;U;LE3;T;4;3;at_home;at_home;other;father;2;1;2;no;yes;no;yes;yes;yes;yes;no;5;3;4;5;5;5;13;8;7;8
